rsid,chrom,pos,ref,alt,OR,log(OR)se,z_stat,allele,unadjusted,gene,distance_from_gene,maf,AA,AB,BB,maf,AA,AB,BB
rs117284601,11,57425228,A,G,1.80043,0.151694,3.87638,A,0.000106022,SERPING1,42928,0.042371861157841126,545,26364,310238,0.07592891760904685,1,45,286
rs9913923,17,1703982,T,C,1.48131,0.113865,3.45078,T,0.000558963,SERPINF2,45422,0.10391603400168711,3102,57854,276191,0.151618398637138,6,77,249
rs2230203,19,6710782,T,G,0.660121,0.113613,-3.65567,T,0.000256514,C3,0,0.22603438138947146,12141,104509,220497,0.1541095890410959,5,80,247
rs1047286,19,6713262,A,G,0.656802,0.108173,-3.88613,A,0.000101855,C3,0,0.25711402587631643,15410,113395,208342,0.1762652705061082,5,91,236
rs2230199,19,6718387,C,G,0.684134,0.107067,-3.54547,C,0.000391917,C3,0,0.25488521049673085,14584,108678,201485,0.18850987432675045,5,95,226
rs72729504,1,94940206,T,C,1.93339,0.18705,3.52459,T,0.000424132,F3,54494,0.024386022182914146,191,15679,321277,0.0473186119873817,0,30,302
rs12064775,1,196600605,G,A,2.13153,0.212588,3.56012,G,0.000370689,CFH,20395,0.016885728845347833,94,11012,326041,0.0358814352574103,0,23,309
rs45574833,1,207300070,A,G,2.64776,0.222419,4.37783,A,1.19866e-05,C4BPA,0,0.012392457339472265,46,8163,328938,0.03255813953488372,1,19,312
rs61821041,1,207352581,G,A,2.3377,0.233369,3.63874,G,0.00027397,C4BPA,34581,0.012679706763010815,48,8348,328751,0.02936630602782071,1,17,314
rs61821114,1,207610967,T,C,2.39526,0.212492,4.1107,T,3.94457e-05,CR2,17033,0.015024298035839791,73,9837,327237,0.03576982892690513,1,21,310
rs3024329,6,6316135,G,T,1.43224,0.109063,3.29385,G,0.00098824,F13A1,0,0.12086316280567337,4009,65556,267582,0.16981132075471697,9,81,242
